city,country,continent,climate_zone,month,season,avg_temp,avg_max_temp,avg_min_temp,avg_humidity,avg_precip,total_precip,avg_wind,avg_comfort,extreme_events
Amsterdam,Netherlands,Europe,Oceanic,1,Winter,4.07,19.6,-11.6,51.57,0.07,14.37,9.87,39.8,3
Amsterdam,Netherlands,Europe,Oceanic,2,Winter,8.65,22.2,-7.8,50.75,0.05,9.35,9.98,54.04,3
Amsterdam,Netherlands,Europe,Oceanic,3,Spring,14.73,29.0,-1.2,49.93,0.04,7.7,9.9,70.95,2
Amsterdam,Netherlands,Europe,Oceanic,4,Spring,20.91,34.4,6.6,49.38,0.03,6.54,9.76,79.33,3
Amsterdam,Netherlands,Europe,Oceanic,5,Spring,25.41,39.1,11.1,50.18,0.04,9.34,10.19,74.46,2
Amsterdam,Netherlands,Europe,Oceanic,6,Summer,27.3,41.0,12.1,50.49,0.04,8.92,10.74,70.7,4
Amsterdam,Netherlands,Europe,Oceanic,7,Summer,25.35,40.8,5.7,49.81,0.03,6.21,10.45,73.88,2
Amsterdam,Netherlands,Europe,Oceanic,8,Summer,21.52,33.7,8.6,49.38,0.03,7.24,10.96,79.33,4
Amsterdam,Netherlands,Europe,Oceanic,9,Autumn,15.06,31.3,-3.2,51.33,0.04,8.89,9.5,71.37,5
Amsterdam,Netherlands,Europe,Oceanic,10,Autumn,8.76,21.4,-5.1,51.28,0.04,8.48,10.5,53.82,2
Amsterdam,Netherlands,Europe,Oceanic,11,Autumn,4.76,17.7,-10.2,50.41,0.04,8.2,10.08,42.54,2
Amsterdam,Netherlands,Europe,Oceanic,12,Winter,3.16,16.3,-10.0,48.4,0.04,7.82,10.35,38.1,2
Anchorage,USA,North America,Subarctic,1,Winter,4.59,18.2,-12.5,49.9,0.05,10.91,9.58,42.33,4
Anchorage,USA,North America,Subarctic,2,Winter,8.63,20.2,-1.3,48.92,0.04,8.02,10.04,54.02,1
Anchorage,USA,North America,Subarctic,3,Spring,14.64,27.9,3.3,48.11,0.04,8.21,10.52,70.97,2
Anchorage,USA,North America,Subarctic,4,Spring,21.02,34.1,5.0,49.39,0.05,9.06,10.55,78.22,3
Anchorage,USA,North America,Subarctic,5,Spring,25.0,38.9,9.6,49.45,0.05,11.35,10.03,74.88,2
Anchorage,USA,North America,Subarctic,6,Summer,26.45,37.1,12.7,49.78,0.03,6.67,10.58,72.94,2
Anchorage,USA,North America,Subarctic,7,Summer,25.18,38.6,11.1,48.09,0.04,9.14,10.48,75.84,4
Anchorage,USA,North America,Subarctic,8,Summer,20.98,33.1,5.8,49.89,0.05,9.91,9.81,79.7,2
Anchorage,USA,North America,Subarctic,9,Autumn,14.92,29.6,2.3,50.01,0.03,6.47,10.95,70.47,2
Anchorage,USA,North America,Subarctic,10,Autumn,8.55,19.2,-3.0,50.12,0.05,9.49,10.96,53.29,0
Anchorage,USA,North America,Subarctic,11,Autumn,5.1,16.6,-10.3,50.59,0.04,8.29,10.22,43.24,1
Anchorage,USA,North America,Subarctic,12,Winter,3.23,19.1,-12.4,49.25,0.05,11.43,10.38,37.57,5
Athens,Greece,Europe,Mediterranean,1,Winter,4.85,20.0,-11.5,48.67,0.04,9.74,10.1,42.66,4
Athens,Greece,Europe,Mediterranean,2,Winter,9.0,20.0,-8.0,50.28,0.04,7.56,10.28,54.8,2
Athens,Greece,Europe,Mediterranean,3,Spring,15.51,29.2,2.2,50.14,0.03,6.09,9.66,72.84,3
Athens,Greece,Europe,Mediterranean,4,Spring,20.97,35.2,8.4,49.34,0.04,8.54,10.4,78.43,1
Athens,Greece,Europe,Mediterranean,5,Spring,24.89,37.4,7.3,49.61,0.04,9.22,10.79,75.21,3
Athens,Greece,Europe,Mediterranean,6,Summer,26.87,43.7,8.5,49.47,0.02,3.82,10.25,71.88,3
Athens,Greece,Europe,Mediterranean,7,Summer,25.5,40.6,14.3,52.6,0.03,7.07,10.82,73.95,1
Athens,Greece,Europe,Mediterranean,8,Summer,20.52,32.2,8.0,50.05,0.05,9.45,10.41,77.94,0
Athens,Greece,Europe,Mediterranean,9,Autumn,14.93,26.0,2.3,49.99,0.03,6.86,10.12,71.1,0
Athens,Greece,Europe,Mediterranean,10,Autumn,8.96,21.3,-4.5,51.66,0.04,7.45,10.06,54.02,1
Athens,Greece,Europe,Mediterranean,11,Autumn,4.7,19.7,-9.9,50.31,0.05,10.11,10.95,41.56,4
Athens,Greece,Europe,Mediterranean,12,Winter,3.14,15.7,-10.0,51.83,0.04,7.42,10.85,36.73,1
Auckland,New Zealand,Oceania,Oceanic,1,Summer,3.99,16.6,-9.2,48.52,0.06,13.11,9.67,40.38,1
Auckland,New Zealand,Oceania,Oceanic,2,Summer,9.38,22.5,-2.1,48.83,0.04,8.49,10.01,56.69,2
Auckland,New Zealand,Oceania,Oceanic,3,Autumn,15.08,27.0,-0.2,50.67,0.05,10.23,10.28,71.6,2
Auckland,New Zealand,Oceania,Oceanic,4,Autumn,20.7,34.3,7.0,50.08,0.03,6.13,9.52,78.97,2
Auckland,New Zealand,Oceania,Oceanic,5,Autumn,25.75,38.3,10.2,50.17,0.02,4.71,9.96,73.1,3
Auckland,New Zealand,Oceania,Oceanic,6,Winter,26.68,41.1,14.6,53.34,0.05,9.91,9.96,71.68,5
Auckland,New Zealand,Oceania,Oceanic,7,Winter,25.29,41.0,8.7,50.96,0.04,9.07,10.35,73.81,4
Auckland,New Zealand,Oceania,Oceanic,8,Winter,21.07,36.1,6.6,50.58,0.04,9.14,10.03,79.34,4
Auckland,New Zealand,Oceania,Oceanic,9,Spring,14.84,28.0,-0.1,49.23,0.03,6.9,10.31,71.43,5
Auckland,New Zealand,Oceania,Oceanic,10,Spring,8.45,19.3,-7.0,49.39,0.07,14.05,9.56,54.12,3
Auckland,New Zealand,Oceania,Oceanic,11,Spring,5.11,19.0,-8.8,52.16,0.06,11.44,10.61,42.81,2
Auckland,New Zealand,Oceania,Oceanic,12,Summer,3.82,20.7,-8.5,50.76,0.04,8.96,10.41,38.95,5
Bangalore,India,Asia,Tropical Savanna,1,Winter,4.98,17.4,-8.5,48.78,0.05,10.55,9.96,43.52,3
Bangalore,India,Asia,Tropical Savanna,2,Winter,8.8,18.8,-4.6,51.67,0.05,9.09,10.06,54.33,3
Bangalore,India,Asia,Tropical Savanna,3,Spring,14.92,36.0,-4.3,50.03,0.04,7.76,10.3,70.66,3
Bangalore,India,Asia,Tropical Savanna,4,Spring,20.87,34.1,8.7,51.58,0.07,13.96,10.83,78.74,2
Bangalore,India,Asia,Tropical Savanna,5,Spring,25.55,38.8,11.4,52.11,0.04,8.36,10.63,73.34,1
Bangalore,India,Asia,Tropical Savanna,6,Summer,26.53,38.9,9.3,49.47,0.05,10.87,9.32,72.53,2
Bangalore,India,Asia,Tropical Savanna,7,Summer,25.47,39.7,12.4,48.61,0.05,9.61,10.37,74.99,3
Bangalore,India,Asia,Tropical Savanna,8,Summer,20.94,35.7,5.4,51.8,0.05,9.93,10.19,78.59,3
Bangalore,India,Asia,Tropical Savanna,9,Autumn,15.42,27.8,0.2,50.98,0.04,7.69,9.73,71.75,3
Bangalore,India,Asia,Tropical Savanna,10,Autumn,9.33,20.6,-6.4,49.43,0.05,9.97,10.21,56.37,1
Bangalore,India,Asia,Tropical Savanna,11,Autumn,4.77,20.3,-7.5,53.0,0.04,9.06,10.61,41.25,4
Bangalore,India,Asia,Tropical Savanna,12,Winter,3.09,16.0,-12.7,51.94,0.04,9.32,10.51,36.56,3
Bangkok,Thailand,Asia,Tropical Savanna,1,Winter,3.99,18.3,-7.7,49.9,0.06,13.44,10.72,39.51,2
Bangkok,Thailand,Asia,Tropical Savanna,2,Winter,9.6,25.9,-3.9,51.64,0.04,8.42,10.09,56.18,3
Bangkok,Thailand,Asia,Tropical Savanna,3,Spring,15.27,28.9,1.0,51.5,0.04,9.17,9.83,72.24,5
Bangkok,Thailand,Asia,Tropical Savanna,4,Spring,21.46,39.8,6.3,48.66,0.05,9.33,9.51,79.41,4
Bangkok,Thailand,Asia,Tropical Savanna,5,Spring,25.62,37.7,9.1,51.57,0.03,6.83,9.89,73.71,2
Bangkok,Thailand,Asia,Tropical Savanna,6,Summer,26.52,37.5,13.3,51.32,0.06,12.45,10.55,72.61,2
Bangkok,Thailand,Asia,Tropical Savanna,7,Summer,25.61,37.8,9.5,51.8,0.03,7.15,10.42,73.74,3
Bangkok,Thailand,Asia,Tropical Savanna,8,Summer,21.85,35.1,7.8,50.94,0.04,7.61,9.75,79.42,2
Bangkok,Thailand,Asia,Tropical Savanna,9,Autumn,15.09,29.2,2.5,50.67,0.05,9.12,10.82,71.9,2
Bangkok,Thailand,Asia,Tropical Savanna,10,Autumn,8.82,19.8,-3.8,50.5,0.04,8.17,9.95,54.74,1
Bangkok,Thailand,Asia,Tropical Savanna,11,Autumn,4.65,20.4,-7.7,47.83,0.05,9.59,10.6,42.14,2
Bangkok,Thailand,Asia,Tropical Savanna,12,Winter,2.6,18.8,-11.4,52.54,0.06,11.84,9.87,35.46,3
Beijing,China,Asia,Humid Continental,1,Winter,5.15,17.3,-5.7,48.47,0.03,7.06,9.49,44.04,1
Beijing,China,Asia,Humid Continental,2,Winter,9.57,21.4,0.2,49.7,0.04,6.77,9.96,56.97,0
Beijing,China,Asia,Humid Continental,3,Spring,14.92,29.2,1.3,52.2,0.04,7.56,10.33,70.82,6
Beijing,China,Asia,Humid Continental,4,Spring,20.92,39.0,4.4,54.34,0.04,7.84,9.76,77.7,4
Beijing,China,Asia,Humid Continental,5,Spring,25.43,38.0,14.3,49.42,0.06,12.77,10.14,75.22,1
Beijing,China,Asia,Humid Continental,6,Summer,27.02,40.3,9.9,50.87,0.06,11.21,10.23,70.0,1
Beijing,China,Asia,Humid Continental,7,Summer,25.08,34.8,13.1,49.23,0.03,5.95,9.94,75.37,0
Beijing,China,Asia,Humid Continental,8,Summer,20.29,33.9,5.5,50.23,0.04,8.36,10.57,77.8,3
Beijing,China,Asia,Humid Continental,9,Autumn,14.69,27.7,0.3,50.26,0.03,6.04,10.06,70.78,1
Beijing,China,Asia,Humid Continental,10,Autumn,9.63,21.1,-3.6,50.72,0.08,15.94,10.86,56.24,1
Beijing,China,Asia,Humid Continental,11,Autumn,4.26,17.6,-6.6,50.71,0.03,6.37,9.93,40.81,2
Beijing,China,Asia,Humid Continental,12,Winter,3.1,18.8,-10.6,50.15,0.06,13.07,10.47,37.11,3
Berlin,Germany,Europe,Oceanic,1,Winter,1.92,23.9,-12.7,84.0,0.08,578.69,9.76,20.94,108
Berlin,Germany,Europe,Oceanic,2,Winter,3.08,19.8,-14.9,79.63,0.07,491.8,9.64,26.82,159
Berlin,Germany,Europe,Oceanic,3,Spring,5.48,29.6,-12.4,75.01,0.06,462.93,8.65,36.21,158
Berlin,Germany,Europe,Oceanic,4,Spring,9.51,31.8,-3.5,68.41,0.05,336.62,8.56,50.91,93
Berlin,Germany,Europe,Oceanic,5,Spring,14.75,41.3,0.0,64.5,0.06,431.49,8.22,66.26,103
Berlin,Germany,Europe,Oceanic,6,Summer,19.57,38.6,6.9,62.51,0.1,718.33,7.5,75.59,113
Berlin,Germany,Europe,Oceanic,7,Summer,20.16,37.7,8.6,64.25,0.09,659.29,7.62,76.23,103
Berlin,Germany,Europe,Oceanic,8,Summer,20.64,37.1,8.1,64.53,0.06,476.87,7.2,76.05,100
Berlin,Germany,Europe,Oceanic,9,Autumn,16.17,33.7,3.5,70.24,0.06,408.44,7.69,67.93,147
Berlin,Germany,Europe,Oceanic,10,Autumn,11.03,24.6,-11.8,80.73,0.07,568.12,8.46,50.28,137
Berlin,Germany,Europe,Oceanic,11,Autumn,5.81,19.8,-8.5,85.68,0.07,498.02,8.45,32.26,58
Berlin,Germany,Europe,Oceanic,12,Winter,3.45,17.9,-12.6,86.58,0.07,521.31,9.17,24.47,121
Bogota,Colombia,South America,Subtropical Highland,1,Winter,4.62,19.2,-10.8,49.28,0.05,9.98,10.33,41.78,5
Bogota,Colombia,South America,Subtropical Highland,2,Winter,8.9,19.8,-3.7,51.84,0.05,8.67,10.87,53.78,1
Bogota,Colombia,South America,Subtropical Highland,3,Spring,14.98,28.5,0.9,50.21,0.03,6.51,9.47,71.99,4
Bogota,Colombia,South America,Subtropical Highland,4,Spring,20.89,32.9,6.2,49.17,0.03,6.91,10.73,79.47,1
Bogota,Colombia,South America,Subtropical Highland,5,Spring,25.71,39.4,14.4,50.81,0.04,8.46,9.93,74.13,2
Bogota,Colombia,South America,Subtropical Highland,6,Summer,27.26,41.8,11.4,51.06,0.03,6.77,10.5,69.89,4
Bogota,Colombia,South America,Subtropical Highland,7,Summer,24.64,36.4,6.5,49.99,0.03,6.78,10.04,76.6,1
Bogota,Colombia,South America,Subtropical Highland,8,Summer,21.62,35.6,10.0,50.22,0.05,10.03,10.15,78.94,1
Bogota,Colombia,South America,Subtropical Highland,9,Autumn,14.66,26.6,2.2,50.52,0.04,8.0,9.67,71.24,2
Bogota,Colombia,South America,Subtropical Highland,10,Autumn,8.68,31.4,-3.4,50.97,0.06,12.55,10.35,53.36,2
Bogota,Colombia,South America,Subtropical Highland,11,Autumn,4.7,17.8,-8.2,49.36,0.04,8.16,10.79,41.84,1
Bogota,Colombia,South America,Subtropical Highland,12,Winter,2.97,18.7,-17.0,50.97,0.03,5.48,9.36,37.35,4
Buenos Aires,Argentina,South America,Humid Subtropical,1,Summer,4.57,19.3,-7.9,51.34,0.04,8.67,10.4,40.98,2
Buenos Aires,Argentina,South America,Humid Subtropical,2,Summer,9.14,23.8,-7.3,52.02,0.06,10.51,10.12,54.84,4
Buenos Aires,Argentina,South America,Humid Subtropical,3,Autumn,14.87,29.7,0.4,49.31,0.04,7.74,9.91,70.72,2
Buenos Aires,Argentina,South America,Humid Subtropical,4,Autumn,21.03,38.5,9.9,52.39,0.05,10.91,10.17,78.05,2
Buenos Aires,Argentina,South America,Humid Subtropical,5,Autumn,25.59,42.4,13.0,50.57,0.05,9.65,10.26,74.15,3
Buenos Aires,Argentina,South America,Humid Subtropical,6,Winter,26.48,37.1,14.6,51.38,0.04,9.07,10.04,72.19,0
Buenos Aires,Argentina,South America,Humid Subtropical,7,Winter,25.38,36.4,12.0,50.49,0.05,9.98,10.3,75.3,2
Buenos Aires,Argentina,South America,Humid Subtropical,8,Winter,21.16,35.1,6.4,51.53,0.06,13.16,10.24,79.02,3
Buenos Aires,Argentina,South America,Humid Subtropical,9,Spring,14.32,28.0,-7.3,50.75,0.05,10.17,9.79,69.35,2
Buenos Aires,Argentina,South America,Humid Subtropical,10,Spring,9.54,26.6,-6.1,49.04,0.04,7.63,10.35,56.69,2
Buenos Aires,Argentina,South America,Humid Subtropical,11,Spring,5.23,18.6,-7.3,50.58,0.05,10.61,10.29,43.64,2
Buenos Aires,Argentina,South America,Humid Subtropical,12,Summer,3.17,16.4,-7.0,50.52,0.04,9.18,10.28,37.19,1
Cairo,Egypt,Africa,Desert,1,Winter,4.12,15.9,-10.8,51.05,0.05,9.88,10.4,40.31,5
Cairo,Egypt,Africa,Desert,2,Winter,8.71,23.6,-3.3,49.68,0.05,8.59,9.74,53.98,2
Cairo,Egypt,Africa,Desert,3,Spring,14.79,29.8,-1.2,47.13,0.05,10.76,9.88,71.07,4
Cairo,Egypt,Africa,Desert,4,Spring,21.08,34.0,8.0,51.54,0.04,8.09,10.06,78.39,2
Cairo,Egypt,Africa,Desert,5,Spring,25.59,35.6,13.4,50.77,0.04,8.57,9.56,74.72,1
Cairo,Egypt,Africa,Desert,6,Summer,27.27,39.4,15.2,48.87,0.07,13.83,10.46,70.74,0
Cairo,Egypt,Africa,Desert,7,Summer,25.81,37.6,10.8,50.95,0.04,7.77,9.96,73.69,1
Cairo,Egypt,Africa,Desert,8,Summer,20.69,33.5,8.4,53.24,0.04,9.02,10.53,78.13,3
Cairo,Egypt,Africa,Desert,9,Autumn,14.73,27.5,-0.8,48.65,0.04,8.42,9.62,71.99,4
Cairo,Egypt,Africa,Desert,10,Autumn,9.38,26.7,-4.6,50.74,0.04,8.67,9.95,55.56,4
Cairo,Egypt,Africa,Desert,11,Autumn,4.52,16.9,-9.2,51.3,0.05,9.45,9.97,41.15,4
Cairo,Egypt,Africa,Desert,12,Winter,2.78,15.9,-9.8,48.74,0.05,9.72,9.97,36.9,2
Casablanca,Morocco,Africa,Mediterranean,1,Winter,4.19,17.4,-8.2,51.31,0.03,7.32,10.04,40.29,2
Casablanca,Morocco,Africa,Mediterranean,2,Winter,9.26,20.3,-6.2,50.68,0.04,8.39,11.13,54.87,1
Casablanca,Morocco,Africa,Mediterranean,3,Spring,15.07,27.2,0.6,51.87,0.07,13.59,9.98,71.37,2
Casablanca,Morocco,Africa,Mediterranean,4,Spring,20.5,33.8,9.1,49.87,0.04,7.15,11.01,78.75,1
Casablanca,Morocco,Africa,Mediterranean,5,Spring,25.65,37.9,13.4,50.37,0.03,6.18,10.22,73.96,2
Casablanca,Morocco,Africa,Mediterranean,6,Summer,27.22,39.3,9.9,49.19,0.05,10.51,10.02,70.89,2
Casablanca,Morocco,Africa,Mediterranean,7,Summer,25.36,37.4,11.2,53.34,0.03,6.19,9.52,74.06,2
Casablanca,Morocco,Africa,Mediterranean,8,Summer,20.58,36.0,6.2,49.0,0.05,11.37,9.92,79.42,3
Casablanca,Morocco,Africa,Mediterranean,9,Autumn,15.42,30.9,2.5,50.46,0.03,6.58,10.38,71.14,1
Casablanca,Morocco,Africa,Mediterranean,10,Autumn,8.73,21.2,-6.1,48.71,0.04,7.88,10.27,54.55,3
Casablanca,Morocco,Africa,Mediterranean,11,Autumn,4.76,16.8,-11.1,50.98,0.06,11.65,10.27,42.21,1
Casablanca,Morocco,Africa,Mediterranean,12,Winter,3.15,16.4,-10.8,50.01,0.06,11.57,9.83,37.98,3
Chicago,USA,North America,Humid Continental,1,Winter,-3.1,18.0,-32.5,75.37,0.09,658.35,11.35,13.01,146
Chicago,USA,North America,Humid Continental,2,Winter,-1.98,23.1,-22.9,72.42,0.09,605.78,11.85,16.79,84
Chicago,USA,North America,Humid Continental,3,Spring,3.27,26.6,-19.0,73.09,0.12,891.92,11.48,29.31,199
Chicago,USA,North America,Humid Continental,4,Spring,8.39,39.5,-7.2,71.99,0.14,1023.22,11.42,44.24,130
Chicago,USA,North America,Humid Continental,5,Spring,14.64,38.1,-1.2,74.8,0.17,1336.17,10.34,59.4,47
Chicago,USA,North America,Humid Continental,6,Summer,20.59,41.1,7.4,72.69,0.15,1118.84,9.57,70.59,78
Chicago,USA,North America,Humid Continental,7,Summer,22.89,37.6,12.4,76.16,0.2,1535.15,8.43,72.46,81
Chicago,USA,North America,Humid Continental,8,Summer,22.56,37.0,4.7,75.0,0.14,1076.03,8.45,73.71,134
Chicago,USA,North America,Humid Continental,9,Autumn,19.73,34.6,1.8,73.37,0.13,970.08,9.74,72.04,103
Chicago,USA,North America,Humid Continental,10,Autumn,12.62,29.6,-5.3,71.77,0.16,1240.41,11.45,56.88,61
Chicago,USA,North America,Humid Continental,11,Autumn,5.4,23.4,-14.9,72.67,0.09,640.13,11.56,35.91,102
Chicago,USA,North America,Humid Continental,12,Winter,0.57,17.6,-23.2,74.5,0.09,674.0,11.05,21.67,213
Delhi,India,Asia,Semi-Arid,1,Winter,4.98,17.6,-8.8,49.28,0.05,11.11,10.23,42.9,2
Delhi,India,Asia,Semi-Arid,2,Winter,8.87,23.8,-4.7,48.57,0.04,8.23,10.46,54.86,2
Delhi,India,Asia,Semi-Arid,3,Spring,15.16,26.2,2.4,50.98,0.07,14.53,10.45,72.05,4
Delhi,India,Asia,Semi-Arid,4,Spring,20.8,32.4,3.9,47.63,0.03,5.84,10.58,80.11,2
Delhi,India,Asia,Semi-Arid,5,Spring,25.96,40.0,14.7,49.3,0.05,10.86,10.13,74.6,1
Delhi,India,Asia,Semi-Arid,6,Summer,26.58,38.7,14.1,53.08,0.04,8.59,10.15,71.63,2
Delhi,India,Asia,Semi-Arid,7,Summer,25.02,37.0,11.8,49.24,0.07,14.4,9.55,75.6,1
Delhi,India,Asia,Semi-Arid,8,Summer,21.16,35.1,5.7,52.54,0.05,9.64,9.73,78.22,3
Delhi,India,Asia,Semi-Arid,9,Autumn,14.67,29.4,0.4,51.17,0.05,11.04,10.52,70.05,3
Delhi,India,Asia,Semi-Arid,10,Autumn,8.07,24.6,-4.4,49.36,0.06,12.47,10.32,51.79,2
Delhi,India,Asia,Semi-Arid,11,Autumn,3.56,19.8,-9.3,51.39,0.05,9.81,9.83,38.51,1
Delhi,India,Asia,Semi-Arid,12,Winter,2.98,17.1,-14.0,50.76,0.03,6.46,9.88,37.22,3
Dubai,UAE,Asia,Desert,1,Winter,5.14,17.9,-9.0,48.32,0.06,13.55,10.27,43.63,2
Dubai,UAE,Asia,Desert,2,Winter,9.83,22.7,-3.1,52.91,0.04,8.25,9.76,56.94,2
Dubai,UAE,Asia,Desert,3,Spring,14.92,26.4,0.3,50.23,0.05,9.48,9.9,71.2,2
Dubai,UAE,Asia,Desert,4,Spring,21.22,35.9,6.5,49.42,0.04,7.73,9.69,79.47,5
Dubai,UAE,Asia,Desert,5,Spring,24.84,37.5,12.7,48.81,0.04,7.54,10.64,76.34,3
Dubai,UAE,Asia,Desert,6,Summer,27.07,42.3,10.1,50.65,0.04,7.89,10.12,70.69,4
Dubai,UAE,Asia,Desert,7,Summer,25.42,39.7,12.1,48.66,0.04,7.44,9.6,74.55,2
Dubai,UAE,Asia,Desert,8,Summer,20.37,34.3,8.7,49.9,0.06,12.87,10.09,80.02,2
Dubai,UAE,Asia,Desert,9,Autumn,15.3,27.0,3.9,48.86,0.05,10.39,10.22,72.78,2
Dubai,UAE,Asia,Desert,10,Autumn,9.29,23.9,-6.2,48.45,0.03,5.74,10.4,55.56,4
Dubai,UAE,Asia,Desert,11,Autumn,4.62,17.6,-6.6,49.5,0.04,8.58,10.68,41.49,1
Dubai,UAE,Asia,Desert,12,Winter,3.15,19.5,-11.6,49.08,0.06,13.56,10.96,37.44,2
Hong Kong,China,Asia,Humid Subtropical,1,Winter,3.99,19.0,-10.5,50.8,0.04,8.86,10.68,39.83,3
Hong Kong,China,Asia,Humid Subtropical,2,Winter,8.96,23.5,-2.7,50.63,0.03,5.26,9.57,54.47,2
Hong Kong,China,Asia,Humid Subtropical,3,Spring,14.73,29.0,4.6,48.47,0.05,9.47,9.52,71.35,3
Hong Kong,China,Asia,Humid Subtropical,4,Spring,21.23,34.9,9.4,52.35,0.05,9.09,9.96,78.28,2
Hong Kong,China,Asia,Humid Subtropical,5,Spring,25.27,37.6,12.2,49.71,0.06,11.93,10.98,74.69,2
Hong Kong,China,Asia,Humid Subtropical,6,Summer,26.75,43.0,11.1,51.17,0.06,12.53,10.42,71.34,3
Hong Kong,China,Asia,Humid Subtropical,7,Summer,25.14,36.4,12.7,49.45,0.04,8.66,10.36,75.41,0
Hong Kong,China,Asia,Humid Subtropical,8,Summer,20.48,33.7,4.4,49.33,0.05,11.1,10.06,79.21,2
Hong Kong,China,Asia,Humid Subtropical,9,Autumn,14.35,24.6,1.9,49.03,0.05,9.47,9.92,70.53,1
Hong Kong,China,Asia,Humid Subtropical,10,Autumn,9.19,22.0,-2.4,50.86,0.04,8.17,10.29,55.36,0
Hong Kong,China,Asia,Humid Subtropical,11,Autumn,5.13,18.0,-8.3,53.78,0.04,9.05,10.48,42.39,1
Hong Kong,China,Asia,Humid Subtropical,12,Winter,3.47,15.6,-10.6,51.04,0.06,13.34,10.28,37.95,3
Honolulu,USA,Oceania,Tropical Savanna,1,Winter,4.61,15.2,-10.7,52.28,0.05,11.14,10.28,41.25,2
Honolulu,USA,Oceania,Tropical Savanna,2,Winter,8.58,20.3,-6.3,49.27,0.03,5.59,11.32,53.29,3
Honolulu,USA,Oceania,Tropical Savanna,3,Spring,15.4,29.0,1.3,50.97,0.05,9.66,11.07,71.72,3
Honolulu,USA,Oceania,Tropical Savanna,4,Spring,21.52,36.2,9.3,50.1,0.05,9.94,10.76,79.62,3
Honolulu,USA,Oceania,Tropical Savanna,5,Spring,24.7,36.7,11.7,49.28,0.05,10.05,9.88,77.1,4
Honolulu,USA,Oceania,Tropical Savanna,6,Summer,26.81,39.3,12.0,47.74,0.04,8.35,10.8,71.23,3
Honolulu,USA,Oceania,Tropical Savanna,7,Summer,25.54,38.4,14.0,50.52,0.04,9.24,10.5,73.84,1
Honolulu,USA,Oceania,Tropical Savanna,8,Summer,21.61,35.3,8.1,49.34,0.05,10.27,9.95,78.86,3
Honolulu,USA,Oceania,Tropical Savanna,9,Autumn,14.81,28.3,-1.8,51.43,0.03,5.37,10.27,70.28,3
Honolulu,USA,Oceania,Tropical Savanna,10,Autumn,9.06,21.6,-3.5,46.55,0.05,11.01,10.68,55.76,0
Honolulu,USA,Oceania,Tropical Savanna,11,Autumn,4.5,16.5,-9.3,49.76,0.08,15.09,10.47,41.13,1
Honolulu,USA,Oceania,Tropical Savanna,12,Winter,2.96,19.9,-8.0,51.44,0.03,6.99,10.7,36.12,2
Houston,USA,North America,Humid Subtropical,1,Winter,11.69,28.6,-10.0,72.76,0.19,1459.09,8.66,55.17,70
Houston,USA,North America,Humid Subtropical,2,Winter,14.06,28.9,-10.9,75.96,0.14,962.95,9.16,59.22,53
Houston,USA,North America,Humid Subtropical,3,Spring,17.91,29.7,-1.9,76.07,0.18,1383.32,9.09,68.28,116
Houston,USA,North America,Humid Subtropical,4,Spring,20.68,32.8,4.1,75.81,0.23,1725.82,9.3,71.54,86
Houston,USA,North America,Humid Subtropical,5,Spring,24.39,38.0,10.4,79.46,0.29,2242.36,8.5,68.62,123
Houston,USA,North America,Humid Subtropical,6,Summer,27.26,41.3,10.0,78.29,0.25,1835.7,7.09,63.14,110
Houston,USA,North America,Humid Subtropical,7,Summer,28.19,41.0,12.0,78.07,0.24,1839.44,6.37,60.88,103
Houston,USA,North America,Humid Subtropical,8,Summer,28.35,41.7,8.1,75.96,0.24,1837.87,6.21,61.04,169
Houston,USA,North America,Humid Subtropical,9,Autumn,26.0,39.3,4.0,76.79,0.25,1862.86,6.21,66.35,172
Houston,USA,North America,Humid Subtropical,10,Autumn,21.95,35.3,-4.3,72.26,0.18,1392.23,7.56,70.98,140
Houston,USA,North America,Humid Subtropical,11,Autumn,16.89,30.0,-8.3,75.51,0.15,1143.9,7.72,65.96,86
Houston,USA,North America,Humid Subtropical,12,Winter,14.13,27.9,-10.8,75.89,0.2,1555.67,8.18,59.95,75
Istanbul,Turkey,Europe,Mediterranean,1,Winter,4.6,17.0,-8.6,49.66,0.05,11.81,9.97,41.95,4
Istanbul,Turkey,Europe,Mediterranean,2,Winter,8.55,27.8,-8.1,49.52,0.03,5.54,11.1,52.64,6
Istanbul,Turkey,Europe,Mediterranean,3,Spring,15.23,29.9,2.2,49.8,0.03,7.26,10.14,71.73,1
Istanbul,Turkey,Europe,Mediterranean,4,Spring,21.48,34.3,9.4,49.85,0.04,7.81,10.05,79.27,2
Istanbul,Turkey,Europe,Mediterranean,5,Spring,25.67,38.2,13.6,47.98,0.03,5.49,10.11,74.55,1
Istanbul,Turkey,Europe,Mediterranean,6,Summer,26.61,40.6,14.4,49.12,0.05,9.22,10.51,72.19,2
Istanbul,Turkey,Europe,Mediterranean,7,Summer,25.15,38.8,12.0,48.55,0.06,11.55,9.75,76.39,5
Istanbul,Turkey,Europe,Mediterranean,8,Summer,20.66,31.8,7.4,51.55,0.05,9.78,10.38,78.1,1
Istanbul,Turkey,Europe,Mediterranean,9,Autumn,15.23,27.1,1.5,49.85,0.05,11.07,10.45,72.89,5
Istanbul,Turkey,Europe,Mediterranean,10,Autumn,8.99,22.6,-4.2,50.02,0.04,7.35,10.51,54.73,2
Istanbul,Turkey,Europe,Mediterranean,11,Autumn,4.39,16.3,-7.3,51.08,0.05,9.38,10.17,40.85,2
Istanbul,Turkey,Europe,Mediterranean,12,Winter,2.91,14.4,-10.0,50.75,0.04,9.23,9.86,36.87,1
Jakarta,Indonesia,Asia,Tropical Rainforest,1,Summer,4.84,18.9,-11.4,49.53,0.05,9.91,10.79,42.3,2
Jakarta,Indonesia,Asia,Tropical Rainforest,2,Summer,8.78,26.8,-5.7,49.89,0.06,10.49,10.51,53.92,3
Jakarta,Indonesia,Asia,Tropical Rainforest,3,Autumn,15.17,28.5,2.2,48.22,0.04,8.74,10.46,72.13,2
Jakarta,Indonesia,Asia,Tropical Rainforest,4,Autumn,21.09,34.8,5.0,50.05,0.05,9.53,10.21,79.15,2
Jakarta,Indonesia,Asia,Tropical Rainforest,5,Autumn,25.45,37.2,14.2,50.13,0.05,10.07,10.28,75.29,0
Jakarta,Indonesia,Asia,Tropical Rainforest,6,Winter,27.06,42.1,12.8,50.56,0.03,7.04,10.32,71.02,2
Jakarta,Indonesia,Asia,Tropical Rainforest,7,Winter,25.39,40.1,12.4,48.87,0.04,8.59,10.58,75.57,5
Jakarta,Indonesia,Asia,Tropical Rainforest,8,Winter,21.1,34.9,7.6,49.75,0.03,6.64,10.34,79.73,4
Jakarta,Indonesia,Asia,Tropical Rainforest,9,Spring,14.99,29.1,0.9,51.71,0.05,10.9,10.0,70.75,2
Jakarta,Indonesia,Asia,Tropical Rainforest,10,Spring,8.27,20.9,-3.6,48.06,0.04,7.74,10.32,52.89,1
Jakarta,Indonesia,Asia,Tropical Rainforest,11,Spring,5.28,18.1,-6.2,49.38,0.05,10.47,9.77,44.2,4
Jakarta,Indonesia,Asia,Tropical Rainforest,12,Summer,3.08,15.7,-15.2,49.08,0.06,11.7,10.16,37.59,2
Johannesburg,South Africa,Africa,Semi-Arid,1,Summer,4.76,22.6,-10.8,52.38,0.04,9.78,10.64,41.67,5
Johannesburg,South Africa,Africa,Semi-Arid,2,Summer,9.29,22.6,-6.7,50.08,0.05,8.63,10.13,55.92,2
Johannesburg,South Africa,Africa,Semi-Arid,3,Autumn,14.87,29.2,2.5,52.32,0.05,9.66,10.2,70.13,3
Johannesburg,South Africa,Africa,Semi-Arid,4,Autumn,21.21,37.9,6.3,50.81,0.03,6.62,10.57,79.51,4
Johannesburg,South Africa,Africa,Semi-Arid,5,Autumn,25.26,39.4,12.4,51.88,0.04,9.3,10.17,75.01,3
Johannesburg,South Africa,Africa,Semi-Arid,6,Winter,26.86,40.0,14.4,52.27,0.03,6.08,10.51,70.04,1
Johannesburg,South Africa,Africa,Semi-Arid,7,Winter,25.95,41.9,11.5,48.0,0.03,6.66,10.3,73.98,5
Johannesburg,South Africa,Africa,Semi-Arid,8,Winter,20.15,34.3,5.7,49.93,0.04,9.26,10.01,79.11,3
Johannesburg,South Africa,Africa,Semi-Arid,9,Spring,15.21,30.6,1.7,49.7,0.03,6.12,9.91,71.79,2
Johannesburg,South Africa,Africa,Semi-Arid,10,Spring,8.56,23.7,-6.0,47.2,0.06,11.78,10.1,54.48,2
Johannesburg,South Africa,Africa,Semi-Arid,11,Spring,5.15,17.3,-11.0,49.41,0.05,9.39,10.05,43.63,3
Johannesburg,South Africa,Africa,Semi-Arid,12,Summer,3.51,16.4,-7.5,48.61,0.05,10.97,9.5,38.77,1
Kuala Lumpur,Malaysia,Asia,Tropical Rainforest,1,Winter,4.56,18.7,-9.9,49.86,0.04,7.67,10.07,41.81,2
Kuala Lumpur,Malaysia,Asia,Tropical Rainforest,2,Winter,9.25,23.8,-2.0,50.76,0.05,9.18,10.37,54.98,4
Kuala Lumpur,Malaysia,Asia,Tropical Rainforest,3,Spring,14.97,27.9,1.3,47.72,0.04,8.76,10.24,71.0,2
Kuala Lumpur,Malaysia,Asia,Tropical Rainforest,4,Spring,20.79,33.5,6.5,49.1,0.06,11.48,10.42,78.64,1
Kuala Lumpur,Malaysia,Asia,Tropical Rainforest,5,Spring,25.3,35.3,10.6,49.1,0.06,11.44,9.84,75.09,3
Kuala Lumpur,Malaysia,Asia,Tropical Rainforest,6,Summer,27.75,42.8,16.9,48.99,0.05,10.97,9.6,70.39,3
Kuala Lumpur,Malaysia,Asia,Tropical Rainforest,7,Summer,25.44,36.4,9.7,51.12,0.06,12.32,10.8,74.01,2
Kuala Lumpur,Malaysia,Asia,Tropical Rainforest,8,Summer,20.77,32.6,7.9,52.63,0.06,11.45,10.82,78.15,1
Kuala Lumpur,Malaysia,Asia,Tropical Rainforest,9,Autumn,14.76,26.5,2.1,50.55,0.05,9.51,10.31,70.63,2
Kuala Lumpur,Malaysia,Asia,Tropical Rainforest,10,Autumn,9.4,25.3,-3.6,51.13,0.05,10.68,10.3,55.95,3
Kuala Lumpur,Malaysia,Asia,Tropical Rainforest,11,Autumn,4.73,23.8,-9.8,51.46,0.06,11.31,9.93,41.96,4
Kuala Lumpur,Malaysia,Asia,Tropical Rainforest,12,Winter,2.15,17.1,-9.6,52.94,0.05,10.1,10.4,33.62,1
Lagos,Nigeria,Africa,Tropical Savanna,1,Winter,5.21,16.6,-8.0,50.68,0.05,11.85,9.87,43.71,2
Lagos,Nigeria,Africa,Tropical Savanna,2,Winter,8.69,24.7,-3.4,52.36,0.03,6.42,10.64,53.19,1
Lagos,Nigeria,Africa,Tropical Savanna,3,Spring,15.22,31.4,4.9,52.96,0.05,10.55,10.1,71.52,2
Lagos,Nigeria,Africa,Tropical Savanna,4,Spring,20.94,32.8,9.1,50.18,0.05,9.13,10.24,80.05,2
Lagos,Nigeria,Africa,Tropical Savanna,5,Spring,25.69,39.6,11.9,51.5,0.05,9.87,10.73,73.75,3
Lagos,Nigeria,Africa,Tropical Savanna,6,Summer,27.26,42.3,14.1,48.96,0.03,5.36,9.67,70.49,2
Lagos,Nigeria,Africa,Tropical Savanna,7,Summer,24.85,42.3,11.3,48.77,0.03,6.66,9.6,76.54,4
Lagos,Nigeria,Africa,Tropical Savanna,8,Summer,21.01,38.2,-1.3,50.32,0.05,9.55,10.11,77.98,3
Lagos,Nigeria,Africa,Tropical Savanna,9,Autumn,14.97,30.0,1.8,51.16,0.05,10.23,10.23,70.37,1
Lagos,Nigeria,Africa,Tropical Savanna,10,Autumn,9.23,21.0,-2.1,49.21,0.06,11.89,10.88,55.73,0
Lagos,Nigeria,Africa,Tropical Savanna,11,Autumn,4.35,18.2,-8.2,50.31,0.04,7.95,10.34,40.87,3
Lagos,Nigeria,Africa,Tropical Savanna,12,Winter,3.41,18.5,-10.7,49.9,0.05,10.17,10.76,37.87,3
Lima,Peru,South America,Desert,1,Summer,4.14,17.9,-8.8,50.74,0.03,7.27,10.34,40.28,2
Lima,Peru,South America,Desert,2,Summer,9.47,21.7,-5.2,50.1,0.06,12.04,10.17,56.34,2
Lima,Peru,South America,Desert,3,Autumn,14.89,26.3,3.0,50.99,0.03,6.89,9.44,71.47,1
Lima,Peru,South America,Desert,4,Autumn,21.24,33.4,5.0,49.21,0.04,8.39,9.66,79.43,2
Lima,Peru,South America,Desert,5,Autumn,25.57,41.7,12.9,48.84,0.05,10.17,10.81,73.45,2
Lima,Peru,South America,Desert,6,Winter,27.04,39.5,14.8,50.43,0.04,7.97,9.51,71.08,0
Lima,Peru,South America,Desert,7,Winter,25.05,38.1,13.0,51.39,0.05,9.88,10.97,75.16,3
Lima,Peru,South America,Desert,8,Winter,19.96,32.9,6.2,50.8,0.05,9.54,10.95,77.95,2
Lima,Peru,South America,Desert,9,Spring,15.04,27.0,-2.4,51.11,0.05,9.36,10.44,70.28,1
Lima,Peru,South America,Desert,10,Spring,8.58,20.6,-2.6,48.02,0.04,9.26,10.81,53.71,0
Lima,Peru,South America,Desert,11,Spring,4.76,19.6,-6.5,51.37,0.04,8.55,10.36,41.79,3
Lima,Peru,South America,Desert,12,Summer,3.07,21.0,-12.5,50.06,0.06,11.44,9.76,37.63,5
London,UK,Europe,Oceanic,1,Winter,4.69,18.2,-10.2,85.49,0.08,623.64,9.83,28.3,12
London,UK,Europe,Oceanic,2,Winter,6.0,20.6,-10.3,81.28,0.08,544.57,10.97,33.76,70
London,UK,Europe,Oceanic,3,Spring,7.52,30.7,-3.6,78.36,0.08,586.72,10.31,40.0,136
London,UK,Europe,Oceanic,4,Spring,9.61,37.3,-3.1,73.04,0.06,411.3,8.75,49.15,165
London,UK,Europe,Oceanic,5,Spring,13.32,40.4,0.7,72.96,0.08,588.27,8.49,59.71,143
London,UK,Europe,Oceanic,6,Summer,16.69,42.0,6.2,71.7,0.08,624.39,8.54,68.35,150
London,UK,Europe,Oceanic,7,Summer,18.54,39.3,8.8,69.93,0.08,606.43,8.53,73.1,139
London,UK,Europe,Oceanic,8,Summer,18.08,35.7,5.6,73.25,0.08,575.22,8.51,71.27,165
London,UK,Europe,Oceanic,9,Autumn,15.49,31.4,-0.2,76.74,0.09,654.42,8.42,64.47,131
London,UK,Europe,Oceanic,10,Autumn,12.05,23.8,-1.6,82.4,0.1,782.14,9.14,52.21,130
London,UK,Europe,Oceanic,11,Autumn,8.07,21.3,-9.0,85.3,0.09,672.72,9.24,38.84,75
London,UK,Europe,Oceanic,12,Winter,6.69,15.3,-9.8,87.05,0.09,665.02,10.05,33.43,100
Los Angeles,USA,North America,Mediterranean,1,Winter,4.82,16.2,-9.0,50.3,0.04,9.44,11.22,41.74,1
Los Angeles,USA,North America,Mediterranean,2,Winter,9.0,28.7,-5.5,50.37,0.05,9.93,11.33,54.2,3
Los Angeles,USA,North America,Mediterranean,3,Spring,15.13,30.2,2.3,49.9,0.04,8.03,10.53,72.01,2
Los Angeles,USA,North America,Mediterranean,4,Spring,20.93,34.5,6.0,52.04,0.06,12.9,9.67,78.19,3
Los Angeles,USA,North America,Mediterranean,5,Spring,25.04,37.8,12.6,49.46,0.05,9.53,10.79,75.12,2
Los Angeles,USA,North America,Mediterranean,6,Summer,27.0,38.7,13.1,51.46,0.06,11.59,9.71,71.24,2
Los Angeles,USA,North America,Mediterranean,7,Summer,25.3,38.2,13.9,51.46,0.04,9.26,10.23,74.73,2
Los Angeles,USA,North America,Mediterranean,8,Summer,21.31,33.7,6.2,52.84,0.05,10.92,10.91,77.62,3
Los Angeles,USA,North America,Mediterranean,9,Autumn,14.62,27.4,-0.2,49.77,0.04,8.67,10.12,71.13,3
Los Angeles,USA,North America,Mediterranean,10,Autumn,8.71,19.7,-3.7,50.75,0.04,8.49,10.07,54.07,4
Los Angeles,USA,North America,Mediterranean,11,Autumn,4.59,16.2,-9.4,51.32,0.05,10.62,10.44,41.22,1
Los Angeles,USA,North America,Mediterranean,12,Winter,2.99,15.6,-6.5,51.39,0.03,6.75,10.26,36.49,2
Madrid,Spain,Europe,Mediterranean,1,Winter,5.1,19.2,-11.1,76.93,0.05,393.57,6.16,35.42,60
Madrid,Spain,Europe,Mediterranean,2,Winter,7.58,24.3,-4.3,68.98,0.04,264.29,6.64,45.72,55
Madrid,Spain,Europe,Mediterranean,3,Spring,10.24,27.7,-3.8,62.92,0.08,587.86,7.57,55.0,106
Madrid,Spain,Europe,Mediterranean,4,Spring,13.34,33.5,-1.6,58.85,0.08,599.58,6.79,64.43,77
Madrid,Spain,Europe,Mediterranean,5,Spring,18.22,39.0,3.2,49.48,0.04,319.02,7.0,75.69,39
Madrid,Spain,Europe,Mediterranean,6,Summer,23.27,40.3,8.2,42.34,0.03,220.55,6.7,77.89,19
Madrid,Spain,Europe,Mediterranean,7,Summer,27.65,42.8,11.8,31.65,0.01,76.26,6.86,74.26,11
Madrid,Spain,Europe,Mediterranean,8,Summer,26.67,41.5,10.1,34.71,0.02,137.71,6.4,76.16,17
Madrid,Spain,Europe,Mediterranean,9,Autumn,20.63,38.2,2.4,50.55,0.07,528.85,5.99,79.29,56
Madrid,Spain,Europe,Mediterranean,10,Autumn,15.69,31.1,-5.6,63.22,0.09,665.1,5.94,69.27,80
Madrid,Spain,Europe,Mediterranean,11,Autumn,9.56,21.0,-11.5,76.79,0.07,498.91,6.2,48.88,57
Madrid,Spain,Europe,Mediterranean,12,Winter,6.7,16.4,-11.5,80.69,0.06,436.45,5.6,38.77,25
Melbourne,Australia,Oceania,Oceanic,1,Summer,4.5,18.1,-8.9,48.04,0.06,12.1,9.93,42.15,4
Melbourne,Australia,Oceania,Oceanic,2,Summer,8.48,23.7,-4.9,49.02,0.04,7.06,10.99,53.25,3
Melbourne,Australia,Oceania,Oceanic,3,Autumn,15.39,28.9,1.9,49.01,0.04,8.96,10.41,72.09,2
Melbourne,Australia,Oceania,Oceanic,4,Autumn,20.23,34.5,8.1,50.93,0.04,8.75,10.17,76.78,1
Melbourne,Australia,Oceania,Oceanic,5,Autumn,25.86,41.9,12.5,50.62,0.03,7.24,10.49,72.8,3
Melbourne,Australia,Oceania,Oceanic,6,Winter,27.68,42.5,12.4,47.09,0.05,9.74,9.92,70.24,2
Melbourne,Australia,Oceania,Oceanic,7,Winter,25.2,38.5,12.8,51.12,0.04,7.45,9.67,74.62,1
Melbourne,Australia,Oceania,Oceanic,8,Winter,21.65,37.4,9.8,48.62,0.07,14.14,9.94,79.78,2
Melbourne,Australia,Oceania,Oceanic,9,Spring,15.07,32.0,3.3,51.71,0.06,12.09,9.47,71.48,2
Melbourne,Australia,Oceania,Oceanic,10,Spring,9.28,22.6,-4.4,49.62,0.03,7.02,10.58,55.87,3
Melbourne,Australia,Oceania,Oceanic,11,Spring,4.76,16.3,-8.4,50.37,0.06,11.84,9.9,42.45,1
Melbourne,Australia,Oceania,Oceanic,12,Summer,3.12,15.8,-9.0,48.24,0.05,10.29,10.66,37.68,1
Mexico City,Mexico,North America,Subtropical Highland,1,Winter,13.63,27.5,-10.0,55.16,0.01,111.63,4.79,67.54,29
Mexico City,Mexico,North America,Subtropical Highland,2,Winter,15.66,29.7,-5.0,48.52,0.02,123.61,5.01,72.37,11
Mexico City,Mexico,North America,Subtropical Highland,3,Spring,17.68,32.5,1.2,46.36,0.04,294.69,5.23,75.55,5
Mexico City,Mexico,North America,Subtropical Highland,4,Spring,19.25,35.7,7.0,45.59,0.05,388.37,5.12,78.55,4
Mexico City,Mexico,North America,Subtropical Highland,5,Spring,19.88,42.5,7.4,52.66,0.1,774.89,4.83,77.71,19
Mexico City,Mexico,North America,Subtropical Highland,6,Summer,18.69,41.0,10.0,65.28,0.22,1653.79,4.86,74.14,134
Mexico City,Mexico,North America,Subtropical Highland,7,Summer,17.23,40.9,9.2,74.79,0.3,2266.95,4.08,71.32,84
Mexico City,Mexico,North America,Subtropical Highland,8,Summer,17.09,31.6,7.9,75.61,0.31,2400.47,4.27,71.03,50
Mexico City,Mexico,North America,Subtropical Highland,9,Autumn,16.68,27.9,2.0,76.13,0.29,2140.02,4.59,69.87,79
Mexico City,Mexico,North America,Subtropical Highland,10,Autumn,15.84,28.0,-2.1,72.33,0.11,862.86,5.33,68.18,77
Mexico City,Mexico,North America,Subtropical Highland,11,Autumn,15.17,28.5,-10.5,64.12,0.04,267.66,4.62,68.16,72
Mexico City,Mexico,North America,Subtropical Highland,12,Winter,13.99,27.1,-8.1,59.6,0.02,119.65,4.29,67.55,56
Moscow,Russia,Asia,Subarctic,1,Winter,4.83,18.0,-9.2,51.09,0.04,8.7,10.3,42.19,2
Moscow,Russia,Asia,Subarctic,2,Winter,9.13,24.0,-10.6,50.75,0.04,7.48,10.67,55.09,3
Moscow,Russia,Asia,Subarctic,3,Spring,15.27,29.4,2.8,49.82,0.03,6.3,10.16,72.59,1
Moscow,Russia,Asia,Subarctic,4,Spring,20.72,34.6,7.7,51.15,0.06,12.92,10.83,77.79,1
Moscow,Russia,Asia,Subarctic,5,Spring,24.97,38.7,11.9,48.38,0.04,9.19,10.38,75.16,1
Moscow,Russia,Asia,Subarctic,6,Summer,27.4,45.1,12.3,50.79,0.04,8.9,10.49,69.47,4
Moscow,Russia,Asia,Subarctic,7,Summer,25.61,40.8,13.2,49.37,0.03,7.26,10.28,73.76,2
Moscow,Russia,Asia,Subarctic,8,Summer,21.4,35.9,7.6,51.26,0.03,6.7,10.27,77.76,2
Moscow,Russia,Asia,Subarctic,9,Autumn,16.23,33.0,5.3,50.95,0.05,9.92,10.31,73.55,1
Moscow,Russia,Asia,Subarctic,10,Autumn,8.84,27.6,-4.5,50.76,0.04,8.29,10.02,54.26,3
Moscow,Russia,Asia,Subarctic,11,Autumn,5.21,21.3,-8.4,49.28,0.07,13.33,9.89,43.91,3
Moscow,Russia,Asia,Subarctic,12,Winter,2.72,17.3,-9.4,50.02,0.07,14.73,9.49,36.44,2
Mumbai,India,Asia,Tropical Monsoon,1,Winter,4.38,17.3,-10.6,51.38,0.06,13.07,10.85,40.78,3
Mumbai,India,Asia,Tropical Monsoon,2,Winter,9.12,21.3,-4.7,50.81,0.03,6.48,10.1,55.03,1
Mumbai,India,Asia,Tropical Monsoon,3,Spring,15.38,27.0,-4.1,45.48,0.03,7.17,10.04,73.76,2
Mumbai,India,Asia,Tropical Monsoon,4,Spring,20.9,38.0,3.0,51.62,0.05,9.67,9.57,78.84,3
Mumbai,India,Asia,Tropical Monsoon,5,Spring,25.29,41.5,12.8,50.63,0.05,9.94,10.87,74.47,5
Mumbai,India,Asia,Tropical Monsoon,6,Summer,27.21,42.2,13.5,49.42,0.04,7.83,10.17,71.14,2
Mumbai,India,Asia,Tropical Monsoon,7,Summer,25.25,37.8,12.4,48.98,0.04,7.83,10.57,75.39,2
Mumbai,India,Asia,Tropical Monsoon,8,Summer,21.24,33.2,6.8,49.88,0.04,9.01,10.12,79.65,2
Mumbai,India,Asia,Tropical Monsoon,9,Autumn,15.32,28.3,1.3,47.77,0.05,10.37,10.27,72.34,2
Mumbai,India,Asia,Tropical Monsoon,10,Autumn,8.95,22.2,-2.4,51.88,0.04,9.29,11.06,53.74,2
Mumbai,India,Asia,Tropical Monsoon,11,Autumn,5.2,18.9,-11.8,49.92,0.04,8.08,10.04,43.71,2
Mumbai,India,Asia,Tropical Monsoon,12,Winter,2.51,13.2,-9.4,46.96,0.05,11.07,10.16,36.27,1
Nairobi,Kenya,Africa,Tropical Savanna,1,Summer,4.97,16.0,-8.7,47.23,0.05,11.86,10.68,43.33,3
Nairobi,Kenya,Africa,Tropical Savanna,2,Summer,9.11,25.4,-4.0,47.68,0.03,6.4,10.1,55.98,2
Nairobi,Kenya,Africa,Tropical Savanna,3,Autumn,15.11,28.6,1.6,48.67,0.05,9.68,10.03,72.67,5
Nairobi,Kenya,Africa,Tropical Savanna,4,Autumn,20.93,39.6,7.2,50.05,0.06,12.73,10.23,77.93,2
Nairobi,Kenya,Africa,Tropical Savanna,5,Autumn,25.57,37.5,11.4,48.01,0.05,9.95,10.12,74.66,1
Nairobi,Kenya,Africa,Tropical Savanna,6,Winter,26.75,39.1,11.4,52.32,0.03,5.6,10.63,71.27,3
Nairobi,Kenya,Africa,Tropical Savanna,7,Winter,25.27,37.4,11.9,51.11,0.05,11.14,9.66,75.68,2
Nairobi,Kenya,Africa,Tropical Savanna,8,Winter,20.96,32.2,7.3,50.0,0.04,7.47,10.03,78.59,1
Nairobi,Kenya,Africa,Tropical Savanna,9,Spring,15.0,29.6,0.8,48.72,0.03,5.13,10.17,71.52,3
Nairobi,Kenya,Africa,Tropical Savanna,10,Spring,9.7,23.9,-5.5,50.39,0.05,10.21,10.17,56.98,5
Nairobi,Kenya,Africa,Tropical Savanna,11,Spring,5.28,18.1,-8.1,50.06,0.05,10.15,10.47,43.34,2
Nairobi,Kenya,Africa,Tropical Savanna,12,Summer,3.0,17.8,-13.3,48.28,0.03,5.41,9.73,37.57,3
New York,USA,North America,Humid Continental,1,Winter,0.52,18.9,-20.5,67.2,0.13,1007.02,9.09,24.97,130
New York,USA,North America,Humid Continental,2,Winter,1.4,23.7,-19.8,68.76,0.13,921.58,8.82,27.3,129
New York,USA,North America,Humid Continental,3,Spring,5.14,27.2,-17.0,65.35,0.15,1164.09,9.5,38.7,121
New York,USA,North America,Humid Continental,4,Spring,10.74,36.0,-3.5,66.59,0.15,1081.88,9.25,54.12,125
New York,USA,North America,Humid Continental,5,Spring,16.4,37.9,0.7,70.15,0.12,954.11,8.04,66.67,83
New York,USA,North America,Humid Continental,6,Summer,21.48,41.8,9.2,70.17,0.14,1003.42,7.66,74.26,72
New York,USA,North America,Humid Continental,7,Summer,24.9,42.3,12.3,72.64,0.18,1403.34,6.7,71.73,68
New York,USA,North America,Humid Continental,8,Summer,23.87,37.5,7.8,73.14,0.15,1165.83,6.76,73.2,88
New York,USA,North America,Humid Continental,9,Autumn,20.24,35.9,1.5,73.89,0.16,1211.4,7.39,73.47,107
New York,USA,North America,Humid Continental,10,Autumn,14.37,32.2,-4.8,73.27,0.16,1261.82,8.19,62.7,78
New York,USA,North America,Humid Continental,11,Autumn,7.9,27.0,-9.0,69.34,0.1,768.98,8.32,46.12,93
New York,USA,North America,Humid Continental,12,Winter,3.44,20.1,-18.5,72.68,0.15,1152.26,8.1,31.54,87
Oslo,Norway,Europe,Subarctic,1,Winter,4.59,19.7,-7.9,48.93,0.03,6.64,10.36,42.18,1
Oslo,Norway,Europe,Subarctic,2,Winter,9.64,21.0,-4.9,50.66,0.06,10.63,10.45,56.73,1
Oslo,Norway,Europe,Subarctic,3,Spring,14.64,28.2,-0.1,49.84,0.04,8.6,10.65,69.92,2
Oslo,Norway,Europe,Subarctic,4,Spring,21.09,34.6,5.1,49.03,0.03,5.38,9.97,79.78,4
Oslo,Norway,Europe,Subarctic,5,Spring,25.43,39.7,12.3,50.23,0.03,7.21,10.41,75.19,3
Oslo,Norway,Europe,Subarctic,6,Summer,27.45,43.2,11.8,49.22,0.05,9.72,11.18,69.51,3
Oslo,Norway,Europe,Subarctic,7,Summer,25.19,38.2,8.2,51.77,0.06,12.92,9.66,74.1,1
Oslo,Norway,Europe,Subarctic,8,Summer,21.18,36.2,4.5,52.9,0.05,10.9,9.75,78.68,5
Oslo,Norway,Europe,Subarctic,9,Autumn,15.29,29.3,4.1,50.52,0.05,9.87,10.29,71.91,1
Oslo,Norway,Europe,Subarctic,10,Autumn,9.37,22.0,-3.2,52.14,0.05,10.44,10.47,55.7,0
Oslo,Norway,Europe,Subarctic,11,Autumn,4.33,20.2,-9.9,51.83,0.08,15.34,10.27,40.45,5
Oslo,Norway,Europe,Subarctic,12,Winter,3.4,15.7,-8.7,51.4,0.03,5.53,10.21,37.82,2
Paris,France,Europe,Oceanic,1,Winter,4.55,18.9,-6.8,85.26,0.08,646.58,9.16,28.36,12
Paris,France,Europe,Oceanic,2,Winter,5.99,21.6,-10.1,79.49,0.08,538.09,9.7,35.18,75
Paris,France,Europe,Oceanic,3,Spring,8.15,28.0,-3.5,75.96,0.09,709.37,9.14,43.6,126
Paris,France,Europe,Oceanic,4,Spring,10.94,36.2,-2.2,70.15,0.07,515.03,7.79,54.61,102
Paris,France,Europe,Oceanic,5,Spring,14.65,41.3,1.9,71.3,0.1,799.41,7.57,64.04,124
Paris,France,Europe,Oceanic,6,Summer,18.77,43.4,6.3,68.89,0.1,725.06,7.03,72.78,115
Paris,France,Europe,Oceanic,7,Summer,20.71,40.7,8.4,63.12,0.06,467.17,7.22,77.15,121
Paris,France,Europe,Oceanic,8,Summer,20.36,37.3,8.0,65.84,0.09,685.2,6.82,76.1,126
Paris,France,Europe,Oceanic,9,Autumn,16.93,33.7,-1.2,70.96,0.08,600.43,7.17,69.66,105
Paris,France,Europe,Oceanic,10,Autumn,12.92,27.0,-7.5,79.65,0.09,716.94,7.97,56.43,146
Paris,France,Europe,Oceanic,11,Autumn,8.21,20.7,-9.6,84.54,0.09,670.47,8.61,39.95,75
Paris,France,Europe,Oceanic,12,Winter,6.03,15.9,-10.2,87.01,0.1,757.92,9.09,31.93,37
Phoenix,USA,North America,Desert,1,Winter,11.57,27.8,-10.2,54.97,0.04,340.66,5.29,62.22,39
Phoenix,USA,North America,Desert,2,Winter,13.89,30.6,-4.4,45.91,0.04,306.16,5.81,68.94,14
Phoenix,USA,North America,Desert,3,Spring,17.91,35.3,1.1,37.72,0.04,276.26,6.08,76.49,33
Phoenix,USA,North America,Desert,4,Spring,23.42,39.8,3.7,22.15,0.01,50.24,6.71,79.42,25
Phoenix,USA,North America,Desert,5,Spring,27.44,43.4,10.7,20.03,0.01,45.95,6.83,74.46,15
Phoenix,USA,North America,Desert,6,Summer,33.59,47.7,13.4,18.03,0.01,55.57,6.71,58.55,18
Phoenix,USA,North America,Desert,7,Summer,35.09,46.9,9.4,31.26,0.07,503.17,6.63,52.91,54
Phoenix,USA,North America,Desert,8,Summer,33.99,46.0,6.5,35.48,0.05,356.17,5.91,56.0,105
Phoenix,USA,North America,Desert,9,Autumn,30.86,45.4,-1.3,32.96,0.03,232.19,5.9,64.62,107
Phoenix,USA,North America,Desert,10,Autumn,24.42,43.3,-2.7,32.39,0.04,270.33,5.71,77.31,100
Phoenix,USA,North America,Desert,11,Autumn,17.3,35.7,-9.5,36.39,0.02,162.08,5.26,77.43,65
Phoenix,USA,North America,Desert,12,Winter,12.21,28.6,-10.9,49.41,0.04,340.92,4.8,65.33,60
Riyadh,Saudi Arabia,Asia,Desert,1,Winter,4.63,17.4,-10.4,51.03,0.04,9.63,10.88,41.15,5
Riyadh,Saudi Arabia,Asia,Desert,2,Winter,9.29,22.1,-1.0,47.38,0.05,9.32,10.36,56.29,2
Riyadh,Saudi Arabia,Asia,Desert,3,Spring,15.56,28.9,0.9,49.93,0.04,9.12,10.33,71.91,2
Riyadh,Saudi Arabia,Asia,Desert,4,Spring,21.67,32.6,8.4,51.79,0.03,6.77,9.99,78.68,1
Riyadh,Saudi Arabia,Asia,Desert,5,Spring,25.35,37.6,10.9,50.68,0.06,12.6,10.63,73.73,2
Riyadh,Saudi Arabia,Asia,Desert,6,Summer,27.36,39.7,13.6,50.32,0.04,8.94,10.22,70.21,3
Riyadh,Saudi Arabia,Asia,Desert,7,Summer,25.45,39.2,12.9,48.22,0.05,9.55,10.22,75.68,2
Riyadh,Saudi Arabia,Asia,Desert,8,Summer,21.0,35.9,5.4,51.7,0.03,6.64,10.56,78.48,4
Riyadh,Saudi Arabia,Asia,Desert,9,Autumn,14.99,25.7,2.1,49.92,0.07,14.45,10.26,72.33,3
Riyadh,Saudi Arabia,Asia,Desert,10,Autumn,8.9,24.3,-4.2,49.25,0.05,10.9,9.85,54.74,2
Riyadh,Saudi Arabia,Asia,Desert,11,Autumn,4.95,18.5,-10.4,48.3,0.04,7.98,10.48,43.08,3
Riyadh,Saudi Arabia,Asia,Desert,12,Winter,2.92,20.3,-11.6,50.24,0.04,8.43,10.86,36.27,4
Rome,Italy,Europe,Mediterranean,1,Winter,4.33,17.4,-8.1,50.03,0.06,12.22,10.37,40.9,2
Rome,Italy,Europe,Mediterranean,2,Winter,9.15,22.8,-5.6,51.9,0.04,7.94,10.29,54.5,4
Rome,Italy,Europe,Mediterranean,3,Spring,15.05,28.5,1.6,48.38,0.04,8.77,10.36,71.76,4
Rome,Italy,Europe,Mediterranean,4,Spring,20.89,34.4,10.0,50.43,0.04,7.38,10.45,77.57,1
Rome,Italy,Europe,Mediterranean,5,Spring,24.97,35.6,11.1,50.15,0.03,6.77,9.5,75.66,1
Rome,Italy,Europe,Mediterranean,6,Summer,27.31,40.8,14.5,49.65,0.02,4.36,10.83,69.8,1
Rome,Italy,Europe,Mediterranean,7,Summer,25.77,40.1,12.2,49.34,0.05,10.38,10.35,74.63,4
Rome,Italy,Europe,Mediterranean,8,Summer,21.17,35.4,9.3,53.2,0.04,8.88,9.29,78.14,1
Rome,Italy,Europe,Mediterranean,9,Autumn,15.15,27.3,1.9,52.12,0.04,7.99,9.58,71.71,2
Rome,Italy,Europe,Mediterranean,10,Autumn,9.45,23.7,-8.5,48.63,0.05,11.25,10.22,56.41,3
Rome,Italy,Europe,Mediterranean,11,Autumn,4.1,17.0,-13.8,48.14,0.07,13.31,10.42,40.52,2
Rome,Italy,Europe,Mediterranean,12,Winter,3.71,16.8,-8.7,49.64,0.04,8.34,10.32,39.02,2
Santiago,Chile,South America,Mediterranean,1,Summer,4.54,18.0,-10.4,52.1,0.05,10.72,10.45,41.2,3
Santiago,Chile,South America,Mediterranean,2,Summer,8.73,21.7,-2.3,48.08,0.05,9.68,10.56,54.18,2
Santiago,Chile,South America,Mediterranean,3,Autumn,15.51,28.0,3.2,48.46,0.03,6.64,9.5,74.03,2
Santiago,Chile,South America,Mediterranean,4,Autumn,20.98,34.2,7.6,49.89,0.03,5.92,10.24,77.75,0
Santiago,Chile,South America,Mediterranean,5,Autumn,25.91,38.0,8.3,48.56,0.04,9.4,9.68,74.4,2
Santiago,Chile,South America,Mediterranean,6,Winter,27.38,39.5,13.6,52.72,0.04,7.44,10.65,69.69,3
Santiago,Chile,South America,Mediterranean,7,Winter,25.89,43.4,7.1,51.3,0.04,7.71,10.55,73.42,5
Santiago,Chile,South America,Mediterranean,8,Winter,21.14,32.5,7.1,48.7,0.04,8.48,9.76,79.38,2
Santiago,Chile,South America,Mediterranean,9,Spring,14.55,27.0,0.4,49.12,0.04,7.71,10.02,71.16,3
Santiago,Chile,South America,Mediterranean,10,Spring,8.41,21.6,-4.1,51.15,0.07,15.36,10.93,52.53,3
Santiago,Chile,South America,Mediterranean,11,Spring,5.5,17.4,-6.0,49.75,0.05,9.49,10.22,44.64,0
Santiago,Chile,South America,Mediterranean,12,Summer,3.31,16.2,-10.3,50.99,0.03,6.51,10.33,37.74,5
Sao Paulo,Brazil,South America,Humid Subtropical,1,Summer,4.96,21.8,-9.2,48.88,0.07,14.38,10.64,42.84,4
Sao Paulo,Brazil,South America,Humid Subtropical,2,Summer,8.76,20.1,-5.5,50.47,0.05,9.74,10.85,53.68,3
Sao Paulo,Brazil,South America,Humid Subtropical,3,Autumn,14.69,29.7,-0.3,47.38,0.04,7.68,10.29,70.17,3
Sao Paulo,Brazil,South America,Humid Subtropical,4,Autumn,20.49,31.9,3.7,51.05,0.03,6.38,9.63,78.25,1
Sao Paulo,Brazil,South America,Humid Subtropical,5,Autumn,25.24,37.5,9.3,49.04,0.05,10.72,9.86,75.46,2
Sao Paulo,Brazil,South America,Humid Subtropical,6,Winter,26.95,41.6,17.0,49.71,0.03,6.49,10.66,71.77,1
Sao Paulo,Brazil,South America,Humid Subtropical,7,Winter,25.51,37.4,10.0,51.2,0.04,7.29,10.51,73.98,2
Sao Paulo,Brazil,South America,Humid Subtropical,8,Winter,21.31,36.2,10.2,48.94,0.04,8.56,10.35,79.26,2
Sao Paulo,Brazil,South America,Humid Subtropical,9,Spring,14.88,31.9,-3.4,49.55,0.04,8.77,9.87,71.46,4
Sao Paulo,Brazil,South America,Humid Subtropical,10,Spring,8.31,22.3,-7.1,48.9,0.04,8.83,10.0,53.4,4
Sao Paulo,Brazil,South America,Humid Subtropical,11,Spring,4.81,20.6,-10.1,47.79,0.04,8.34,9.98,42.82,3
Sao Paulo,Brazil,South America,Humid Subtropical,12,Summer,2.67,15.8,-9.9,49.31,0.03,7.19,10.39,36.15,0
Seoul,South Korea,Asia,Humid Continental,1,Winter,5.05,21.6,-7.6,51.63,0.04,8.59,9.95,42.99,2
Seoul,South Korea,Asia,Humid Continental,2,Winter,8.67,21.6,-7.0,49.42,0.05,8.98,10.33,54.17,3
Seoul,South Korea,Asia,Humid Continental,3,Spring,14.66,27.8,2.1,50.58,0.03,6.06,10.54,70.25,1
Seoul,South Korea,Asia,Humid Continental,4,Spring,20.89,37.1,4.1,51.7,0.05,9.62,9.84,78.2,4
Seoul,South Korea,Asia,Humid Continental,5,Spring,25.03,38.5,9.0,49.72,0.05,10.11,10.47,75.17,2
Seoul,South Korea,Asia,Humid Continental,6,Summer,27.0,40.4,14.4,51.58,0.05,9.73,10.47,70.46,2
Seoul,South Korea,Asia,Humid Continental,7,Summer,24.99,39.4,8.8,49.68,0.07,14.45,10.21,74.2,3
Seoul,South Korea,Asia,Humid Continental,8,Summer,21.44,35.3,5.7,49.23,0.05,9.59,9.83,79.04,3
Seoul,South Korea,Asia,Humid Continental,9,Autumn,15.11,27.2,-0.1,50.54,0.03,5.11,10.06,71.26,2
Seoul,South Korea,Asia,Humid Continental,10,Autumn,9.01,23.3,-6.0,50.62,0.05,11.32,9.85,55.0,3
Seoul,South Korea,Asia,Humid Continental,11,Autumn,4.86,19.3,-6.2,51.35,0.07,13.22,9.44,42.45,2
Seoul,South Korea,Asia,Humid Continental,12,Winter,2.94,18.7,-13.2,50.05,0.07,14.69,10.5,36.94,4
Shanghai,China,Asia,Humid Subtropical,1,Winter,4.74,19.1,-7.4,47.5,0.04,8.11,11.2,41.99,2
Shanghai,China,Asia,Humid Subtropical,2,Winter,8.57,26.5,-4.6,51.32,0.04,8.39,9.81,53.31,5
Shanghai,China,Asia,Humid Subtropical,3,Spring,15.21,27.8,2.2,48.65,0.05,11.2,9.19,72.75,1
Shanghai,China,Asia,Humid Subtropical,4,Spring,20.52,33.0,7.6,50.57,0.03,5.26,10.16,79.26,3
Shanghai,China,Asia,Humid Subtropical,5,Spring,25.38,37.6,11.3,51.81,0.04,9.01,11.03,74.53,3
Shanghai,China,Asia,Humid Subtropical,6,Summer,27.53,42.7,14.3,52.64,0.04,8.26,10.45,68.78,3
Shanghai,China,Asia,Humid Subtropical,7,Summer,26.1,40.5,10.8,49.95,0.03,7.1,10.29,73.23,5
Shanghai,China,Asia,Humid Subtropical,8,Summer,20.47,33.7,7.3,51.07,0.02,4.33,10.04,79.25,3
Shanghai,China,Asia,Humid Subtropical,9,Autumn,15.23,29.7,2.6,49.44,0.04,7.97,10.88,71.5,3
Shanghai,China,Asia,Humid Subtropical,10,Autumn,8.86,24.2,-3.8,49.58,0.03,6.65,10.29,54.58,3
Shanghai,China,Asia,Humid Subtropical,11,Autumn,4.51,16.9,-13.4,49.35,0.03,6.1,10.49,41.53,5
Shanghai,China,Asia,Humid Subtropical,12,Winter,3.05,16.0,-12.3,52.91,0.06,12.92,9.44,37.15,2
Singapore,Singapore,Asia,Tropical Rainforest,1,Winter,4.41,20.0,-8.0,51.28,0.04,9.09,9.37,41.34,4
Singapore,Singapore,Asia,Tropical Rainforest,2,Winter,9.64,23.5,-3.4,48.57,0.04,8.24,10.33,56.84,3
Singapore,Singapore,Asia,Tropical Rainforest,3,Spring,14.96,27.0,3.5,51.18,0.07,14.39,10.63,71.31,3
Singapore,Singapore,Asia,Tropical Rainforest,4,Spring,20.82,34.3,6.4,51.89,0.04,7.97,10.14,78.0,3
Singapore,Singapore,Asia,Tropical Rainforest,5,Spring,25.29,39.6,12.0,51.08,0.06,11.86,9.26,74.44,3
Singapore,Singapore,Asia,Tropical Rainforest,6,Summer,26.73,38.2,13.1,49.57,0.06,12.33,9.93,72.25,1
Singapore,Singapore,Asia,Tropical Rainforest,7,Summer,25.63,38.6,11.7,48.0,0.05,10.99,10.02,74.43,1
Singapore,Singapore,Asia,Tropical Rainforest,8,Summer,21.0,35.9,5.6,49.52,0.05,10.16,10.35,78.67,4
Singapore,Singapore,Asia,Tropical Rainforest,9,Autumn,14.93,28.3,0.5,51.71,0.03,6.81,10.35,70.49,2
Singapore,Singapore,Asia,Tropical Rainforest,10,Autumn,8.42,21.1,-3.2,52.14,0.05,10.48,10.54,52.97,2
Singapore,Singapore,Asia,Tropical Rainforest,11,Autumn,4.7,16.5,-5.6,50.15,0.05,9.98,10.52,41.94,0
Singapore,Singapore,Asia,Tropical Rainforest,12,Winter,3.25,16.3,-11.4,49.68,0.04,8.68,9.97,37.95,3
Stockholm,Sweden,Europe,Subarctic,1,Winter,5.28,16.6,-9.8,50.8,0.04,8.47,10.36,43.65,2
Stockholm,Sweden,Europe,Subarctic,2,Winter,9.09,22.4,-2.6,49.46,0.03,6.26,10.68,54.77,1
Stockholm,Sweden,Europe,Subarctic,3,Spring,14.82,31.0,1.1,47.33,0.05,11.22,10.05,71.52,3
Stockholm,Sweden,Europe,Subarctic,4,Spring,21.18,36.1,8.5,49.73,0.07,13.09,10.76,79.66,3
Stockholm,Sweden,Europe,Subarctic,5,Spring,25.44,37.7,12.7,49.9,0.05,10.17,9.51,74.68,1
Stockholm,Sweden,Europe,Subarctic,6,Summer,27.06,45.5,13.0,49.14,0.03,6.08,10.56,71.18,4
Stockholm,Sweden,Europe,Subarctic,7,Summer,25.17,37.9,13.0,50.88,0.04,8.31,10.26,76.01,5
Stockholm,Sweden,Europe,Subarctic,8,Summer,20.55,30.7,8.2,52.64,0.03,6.33,9.85,79.37,3
Stockholm,Sweden,Europe,Subarctic,9,Autumn,14.91,26.9,0.9,49.65,0.05,9.62,10.46,70.84,2
Stockholm,Sweden,Europe,Subarctic,10,Autumn,8.71,24.3,-6.9,48.39,0.06,13.36,10.54,53.82,5
Stockholm,Sweden,Europe,Subarctic,11,Autumn,4.47,16.9,-10.2,46.92,0.03,6.68,10.37,41.88,3
Stockholm,Sweden,Europe,Subarctic,12,Winter,3.0,21.5,-9.8,50.16,0.05,9.53,10.11,36.66,4
Sydney,Australia,Oceania,Humid Subtropical,1,Summer,3.9,21.0,-10.8,48.2,0.06,12.25,10.82,39.87,2
Sydney,Australia,Oceania,Humid Subtropical,2,Summer,8.61,23.6,-5.3,50.44,0.05,9.46,10.38,54.04,2
Sydney,Australia,Oceania,Humid Subtropical,3,Autumn,15.06,25.5,3.4,49.85,0.05,11.16,10.64,72.12,0
Sydney,Australia,Oceania,Humid Subtropical,4,Autumn,20.78,32.1,9.1,51.84,0.05,10.3,10.53,79.59,2
Sydney,Australia,Oceania,Humid Subtropical,5,Autumn,25.57,45.0,12.3,49.5,0.06,12.52,10.81,73.95,3
Sydney,Australia,Oceania,Humid Subtropical,6,Winter,27.27,42.5,13.0,52.17,0.04,8.62,10.55,69.17,4
Sydney,Australia,Oceania,Humid Subtropical,7,Winter,24.98,37.6,9.6,51.06,0.04,7.47,10.3,75.01,1
Sydney,Australia,Oceania,Humid Subtropical,8,Winter,21.12,34.3,7.1,49.37,0.04,8.36,10.51,78.23,2
Sydney,Australia,Oceania,Humid Subtropical,9,Spring,14.83,29.0,4.8,51.11,0.05,9.14,10.24,70.03,3
Sydney,Australia,Oceania,Humid Subtropical,10,Spring,8.89,22.5,-7.6,50.26,0.05,9.86,10.09,54.44,2
Sydney,Australia,Oceania,Humid Subtropical,11,Spring,4.51,17.0,-8.1,48.94,0.04,8.13,10.01,41.84,4
Sydney,Australia,Oceania,Humid Subtropical,12,Summer,3.38,17.7,-9.7,52.32,0.02,5.2,10.43,37.78,4
Tokyo,Japan,Asia,Humid Subtropical,1,Winter,4.58,18.4,-10.1,51.07,0.05,11.37,9.87,41.92,4
Tokyo,Japan,Asia,Humid Subtropical,2,Winter,8.53,21.2,-3.0,51.25,0.04,7.01,10.23,53.03,0
Tokyo,Japan,Asia,Humid Subtropical,3,Spring,14.99,27.3,0.6,48.86,0.04,7.94,9.71,72.23,2
Tokyo,Japan,Asia,Humid Subtropical,4,Spring,21.6,34.9,5.2,52.92,0.05,9.25,10.04,78.22,3
Tokyo,Japan,Asia,Humid Subtropical,5,Spring,25.79,38.4,9.9,48.25,0.06,13.29,10.3,74.42,2
Tokyo,Japan,Asia,Humid Subtropical,6,Summer,27.04,40.2,8.4,49.15,0.04,7.77,10.5,70.79,5
Tokyo,Japan,Asia,Humid Subtropical,7,Summer,25.65,42.5,9.5,48.84,0.06,13.19,10.15,74.68,4
Tokyo,Japan,Asia,Humid Subtropical,8,Summer,21.06,32.1,9.4,50.56,0.06,11.66,10.86,77.82,0
Tokyo,Japan,Asia,Humid Subtropical,9,Autumn,14.5,26.7,-0.5,49.08,0.05,9.55,11.43,70.09,4
Tokyo,Japan,Asia,Humid Subtropical,10,Autumn,8.97,24.0,-3.0,49.2,0.04,8.11,10.24,54.93,3
Tokyo,Japan,Asia,Humid Subtropical,11,Autumn,5.09,18.8,-7.7,51.41,0.04,7.57,10.1,42.75,1
Tokyo,Japan,Asia,Humid Subtropical,12,Winter,2.85,21.8,-11.5,50.78,0.04,8.71,10.5,36.39,3
Toronto,Canada,North America,Humid Continental,1,Winter,-3.07,18.5,-24.5,72.14,0.09,695.98,9.78,14.08,176
Toronto,Canada,North America,Humid Continental,2,Winter,-2.88,22.2,-25.1,70.83,0.09,617.7,9.95,15.66,131
Toronto,Canada,North America,Humid Continental,3,Spring,1.17,32.9,-17.8,68.78,0.09,679.95,9.69,25.97,185
Toronto,Canada,North America,Humid Continental,4,Spring,6.31,36.5,-6.0,69.44,0.14,1002.17,9.57,40.44,160
Toronto,Canada,North America,Humid Continental,5,Spring,13.06,38.3,-2.9,70.76,0.09,693.9,7.89,59.48,126
Toronto,Canada,North America,Humid Continental,6,Summer,18.73,40.3,5.7,69.39,0.12,917.07,8.03,73.29,87
Toronto,Canada,North America,Humid Continental,7,Summer,22.14,37.9,10.9,70.55,0.1,751.05,6.96,76.5,80
Toronto,Canada,North America,Humid Continental,8,Summer,21.59,36.7,7.9,71.96,0.09,701.31,7.2,76.07,72
Toronto,Canada,North America,Humid Continental,9,Autumn,18.31,31.9,4.0,73.58,0.08,604.1,7.61,72.11,73
Toronto,Canada,North America,Humid Continental,10,Autumn,11.74,28.8,-4.1,73.26,0.12,890.41,9.12,55.54,69
Toronto,Canada,North America,Humid Continental,11,Autumn,4.99,20.4,-17.4,73.11,0.09,633.08,9.33,35.63,99
Toronto,Canada,North America,Humid Continental,12,Winter,0.55,18.3,-24.8,75.82,0.1,747.92,9.55,21.57,197
Vienna,Austria,Europe,Humid Continental,1,Winter,4.43,23.3,-12.5,52.49,0.04,8.98,10.95,40.06,3
Vienna,Austria,Europe,Humid Continental,2,Winter,8.54,24.0,-4.9,51.49,0.05,9.08,10.33,53.0,4
Vienna,Austria,Europe,Humid Continental,3,Spring,14.53,30.6,2.2,50.89,0.03,7.18,10.51,69.24,3
Vienna,Austria,Europe,Humid Continental,4,Spring,20.6,38.2,7.0,50.05,0.05,9.44,10.6,78.51,2
Vienna,Austria,Europe,Humid Continental,5,Spring,25.14,41.0,9.9,48.79,0.05,9.63,9.56,77.07,4
Vienna,Austria,Europe,Humid Continental,6,Summer,27.12,44.2,14.8,47.96,0.04,8.14,10.28,71.69,2
Vienna,Austria,Europe,Humid Continental,7,Summer,25.24,37.9,11.7,50.98,0.03,6.8,11.41,74.17,4
Vienna,Austria,Europe,Humid Continental,8,Summer,21.02,35.1,6.5,48.79,0.05,11.18,10.2,78.92,2
Vienna,Austria,Europe,Humid Continental,9,Autumn,15.74,27.5,2.5,47.94,0.06,11.16,9.42,73.72,1
Vienna,Austria,Europe,Humid Continental,10,Autumn,8.74,21.1,-8.0,49.69,0.04,8.12,10.71,54.12,2
Vienna,Austria,Europe,Humid Continental,11,Autumn,3.89,16.4,-9.4,49.27,0.04,8.4,10.59,39.75,0
Vienna,Austria,Europe,Humid Continental,12,Winter,2.82,16.2,-12.2,49.04,0.05,10.39,10.66,37.12,6
Warsaw,Poland,Europe,Humid Continental,1,Winter,4.45,21.5,-12.1,50.27,0.07,14.48,10.32,41.13,3
Warsaw,Poland,Europe,Humid Continental,2,Winter,9.14,23.2,-8.2,50.63,0.04,6.83,10.12,55.22,4
Warsaw,Poland,Europe,Humid Continental,3,Spring,14.5,29.8,0.5,52.75,0.05,10.16,9.83,69.25,5
Warsaw,Poland,Europe,Humid Continental,4,Spring,21.2,37.4,10.0,49.12,0.04,8.86,9.6,78.8,1
Warsaw,Poland,Europe,Humid Continental,5,Spring,25.13,37.8,12.4,50.04,0.05,10.28,10.17,74.64,2
Warsaw,Poland,Europe,Humid Continental,6,Summer,27.33,40.4,11.5,51.55,0.03,6.24,9.77,70.52,3
Warsaw,Poland,Europe,Humid Continental,7,Summer,26.26,41.7,12.8,51.67,0.06,11.71,10.18,72.86,3
Warsaw,Poland,Europe,Humid Continental,8,Summer,21.19,34.6,8.2,50.81,0.06,12.67,10.76,78.99,3
Warsaw,Poland,Europe,Humid Continental,9,Autumn,14.93,31.5,1.6,49.14,0.04,8.68,10.11,71.34,3
Warsaw,Poland,Europe,Humid Continental,10,Autumn,9.34,22.7,-4.8,49.78,0.04,9.35,9.68,56.77,2
Warsaw,Poland,Europe,Humid Continental,11,Autumn,4.45,18.0,-12.0,52.93,0.03,5.6,10.81,40.69,3
Warsaw,Poland,Europe,Humid Continental,12,Winter,3.07,15.4,-9.3,54.21,0.06,13.41,10.58,35.99,2
Zurich,Switzerland,Europe,Oceanic,1,Winter,4.58,20.9,-6.3,48.98,0.03,6.9,10.47,41.84,2
Zurich,Switzerland,Europe,Oceanic,2,Winter,8.93,20.6,-3.3,49.96,0.04,7.73,10.65,54.2,1
Zurich,Switzerland,Europe,Oceanic,3,Spring,14.41,32.6,-0.1,50.11,0.05,9.8,9.89,70.0,2
Zurich,Switzerland,Europe,Oceanic,4,Spring,21.08,33.6,8.0,49.21,0.03,5.59,10.46,79.01,2
Zurich,Switzerland,Europe,Oceanic,5,Spring,24.71,40.7,11.2,48.52,0.03,5.59,10.4,76.6,5
Zurich,Switzerland,Europe,Oceanic,6,Summer,27.44,38.8,15.8,51.0,0.05,9.72,11.36,69.09,0
Zurich,Switzerland,Europe,Oceanic,7,Summer,24.89,39.1,11.2,49.71,0.04,7.64,10.35,75.01,2
Zurich,Switzerland,Europe,Oceanic,8,Summer,20.89,35.9,9.3,50.46,0.06,12.28,10.02,79.92,3
Zurich,Switzerland,Europe,Oceanic,9,Autumn,14.89,28.5,1.4,51.35,0.03,6.63,9.48,70.75,2
Zurich,Switzerland,Europe,Oceanic,10,Autumn,8.75,21.8,-4.6,48.54,0.05,9.75,9.95,54.65,2
Zurich,Switzerland,Europe,Oceanic,11,Autumn,4.13,15.7,-12.6,50.2,0.04,9.04,10.7,39.81,1
Zurich,Switzerland,Europe,Oceanic,12,Winter,3.26,16.8,-8.1,49.61,0.04,9.22,9.83,37.97,1
